"id","mjd","mag","magerr","limiting_mag","filter","instrument_name","flux","fluxerr"
706444381,60752.469385,,,18.85,atlaso,ATLAS,,104.71285480508975
706444382,60752.472249,,,18.88,atlaso,ATLAS,,101.85913880541169
706444383,60752.477901,,,18.77,atlaso,ATLAS,,112.71974561755094
706444384,60752.504953,,,18.34,atlaso,ATLAS,,167.49428760264365
706444385,60755.455327,,,14.58,atlaso,ATLAS,,5345.643593969714
706444386,60755.459522,,,15.09,atlaso,ATLAS,,3341.9504002611393
706444387,60755.464791,,,16.9,atlaso,ATLAS,,630.9573444801937
706444388,60755.500585,,,16.33,atlaso,ATLAS,,1066.596121230259
706444389,60756.467254,18.594,0.083,19.58,atlaso,ATLAS,132.55618607198556,10.133367014712165
706444390,60756.470984,18.748,0.107,19.54,atlaso,ATLAS,115.02705477901125,11.335990093556884
706444391,60756.477133,18.671,0.093,19.57,atlaso,ATLAS,123.48096078586018,10.57690560815667
706444392,60756.509064,18.623,0.093,19.5,atlaso,ATLAS,129.06247820605344,11.054996987815146
706444393,60757.43816,18.283,0.076,19.59,atlasc,ATLAS,176.52247174525536,12.356323565380265
706444394,60757.445671,18.182,0.059,19.58,atlasc,ATLAS,193.73139245819553,10.527559185133596
706444395,60757.448875,18.437,0.078,19.58,atlasc,ATLAS,153.17927158934143,11.004499188299883
706444396,60757.458819,18.357,0.063,19.62,atlasc,ATLAS,164.8921573150831,9.567891229310556
706444397,60758.488495,18.221,0.065,19.57,atlasc,ATLAS,186.89599716514888,11.188942362330963
706444398,60758.491726,18.278,0.07399999999999998,19.56,atlasc,ATLAS,177.33726245425586,12.08669045400245
706444399,60758.498101,18.32,0.067,19.58,atlasc,ATLAS,170.60823890031207,10.528111668586524
706444400,60758.516175,18.204,0.05899999999999999,19.59,atlasc,ATLAS,189.84536566615,10.316388571382383
706444401,60759.454056,18.621,0.081,19.72,atlaso,ATLAS,129.30043917962797,9.64629854623207
706444402,60759.457301,18.444,0.068,19.65,atlaso,ATLAS,152.1948650903652,9.532012270374965
706444403,60759.491643,18.515,0.068,19.65,atlaso,ATLAS,142.56075936021864,8.928625198286024
706444404,60759.49716,18.505,0.075,19.63,atlaso,ATLAS,143.8798578255845,9.938868474338808
706444405,60760.354028,18.524,0.075,19.5,atlaso,ATLAS,141.38391390945614,9.766454776712017
706444406,60760.358876,18.455,0.083,19.48,atlaso,ATLAS,150.66070661867434,11.517382025715618
706444407,60760.363712,18.445,0.072,19.55,atlaso,ATLAS,152.05475297324938,10.083427416434768
706444408,60760.368573,18.487,0.082,19.56,atlaso,ATLAS,146.28506869998535,11.048149247331235
706444409,60761.522535,18.336,0.078,19.47,atlasc,ATLAS,168.11249744769597,12.077311913754809
706444410,60761.525748,18.573,0.108,19.47,atlasc,ATLAS,135.14500541175573,13.443100193680204
706444411,60761.530865,18.423,0.081,19.49,atlasc,ATLAS,155.1672273907235,11.576058128639556
706444412,60761.541123,18.544,0.09,19.48,atlasc,ATLAS,138.80336665672326,11.50583626516168
706444413,60762.442915,18.549,0.079,19.62,atlasc,ATLAS,138.16562311673272,10.053164091229187
706444414,60762.445744,18.455,0.07,19.61,atlasc,ATLAS,150.66070661867434,9.713454720483051
706444415,60762.451216,18.394,0.068,19.58,atlasc,ATLAS,159.36758810287682,9.981242168681106
706444416,60762.485615,18.618,0.089,19.57,atlasc,ATLAS,129.65820353826285,10.628346060796673
706444417,60763.468142,18.473,0.071,19.49,atlaso,ATLAS,148.18355175164308,9.690228739042961
706444418,60763.48285,18.32,0.072,19.51,atlaso,ATLAS,170.60823890031207,11.313791643854174
706444419,60763.487639,18.422,0.087,19.49,atlaso,ATLAS,155.31020752328442,12.44500090842584
706444420,60763.498527,18.275,0.068,19.42,atlaso,ATLAS,177.82794100389228,11.137419877196129
706444421,60764.469114,18.257,0.08,19.16,atlaso,ATLAS,180.80065521100025,13.321884591756977
706444422,60764.484636,18.296,0.072,19.4,atlaso,ATLAS,174.42149315611752,11.56666550512433
706444423,60764.48893,18.326,0.073,19.38,atlaso,ATLAS,169.66802323464606,11.407711782889614
706444424,60764.498601,,,18.38,atlaso,ATLAS,,161.43585568264854
706444425,60765.468977,18.047,0.044,19.56,atlaso,ATLAS,219.38149918979056,8.890544426950509
706444426,60765.480826,18.144,0.056,19.53,atlaso,ATLAS,200.63190647905728,10.348173629643425
706444427,60765.486896,18.086,0.051,19.49,atlaso,ATLAS,211.64109507708656,9.941361264024476
706444428,60765.497379,18.246,0.062,19.51,atlaso,ATLAS,182.64172487743542,10.429593203925265
706444429,60766.463538,17.859,0.049,19.36,atlaso,ATLAS,260.85550118688985,11.772582973785095
706444430,60766.471006,17.947,0.05499999999999999,19.5,atlaso,ATLAS,240.54703049880942,12.18536014499194
706444431,60766.476127,17.91,0.049,19.47,atlaso,ATLAS,248.8857318282388,11.232379288945681
706444432,60766.480253,17.984,0.059,19.42,atlaso,ATLAS,232.4877101501638,12.63361656242767
706444433,60767.430499,18.066,0.053,19.5,atlaso,ATLAS,215.57579680386294,10.523290261974832
706444434,60767.438908,17.913,0.046,19.45,atlaso,ATLAS,248.19898435070934,10.515586778904588
706444435,60767.443299,17.87,0.042,19.51,atlaso,ATLAS,258.22601906345903,9.989068019594448
706444436,60767.447169,17.985,0.057,19.27,atlaso,ATLAS,232.2736796357105,12.194121998708606
706444437,60768.471969,17.786,0.044,19.36,atlaso,ATLAS,278.99729974082584,11.306504411291183
706444438,60768.478571,17.786,0.043,19.44,atlaso,ATLAS,278.99729974082584,11.049538401943655
706444439,60768.485385,17.851,0.053,19.4,atlaso,ATLAS,262.7846540838493,12.827781375814649
706444440,60768.492154,17.739,0.044,19.47,atlaso,ATLAS,291.3399222570161,11.806695330901672
706444441,60769.364559,17.714,0.073,19.05,atlaso,ATLAS,298.12610081722477,20.04465289476611
706444442,60769.368778,17.693,0.05800000000000001,19.11,atlaso,ATLAS,303.9484968770107,16.236920848369294
706444443,60769.371693,17.643,0.11400000000000002,18.46,atlaso,ATLAS,318.2731482170776,33.418005900272696
706444444,60769.377291,17.574,0.11100000000000002,18.47,atlaso,ATLAS,339.1563869058209,34.67357796632806
706444445,60770.391403,17.81,0.246,17.55,atlaso,ATLAS,272.89777828080406,61.83164304816846
706444446,60770.393218,17.627,0.288,17.27,atlaso,ATLAS,322.9981240595625,85.67777266843278
706444447,60770.396388,17.519,0.324,16.93,atlaso,ATLAS,356.77958828856265,106.46839084752257
706444448,60771.289199,17.547,0.05199999999999999,19.03,atlaso,ATLAS,347.6962446178125,16.652483946737316
706444449,60771.293778,17.555,0.05099999999999999,19.16,atlaso,ATLAS,345.1437393358561,16.212345714353283
706444450,60771.29835,17.559,0.05,19.1,atlaso,ATLAS,343.87452222912646,15.836006974904727
706444451,60771.302931,17.482,0.043,19.18,atlaso,ATLAS,369.1475581654127,14.619891030205507
706444452,60771.544195,17.419,0.036,19.36,atlaso,ATLAS,391.20103938735065,12.9711410158621
706444453,60772.369663,17.456,0.047,19.12,atlaso,ATLAS,378.09418668329647,16.36716791448773
706444454,60772.374601,17.498,0.051000000000000004,19.14,atlaso,ATLAS,363.7474856426317,17.08621457631771
706444455,60772.3775,17.448,0.04599999999999999,19.12,atlaso,ATLAS,380.89037649813474,16.137398055006702
706444456,60772.392273,17.493,0.047,19.17,atlaso,ATLAS,365.4264677506526,15.818800099888698
706444457,60774.373242,17.322,0.052,18.63,atlaso,ATLAS,427.7598314820376,20.487030956125448
706444458,60774.375055,17.301,0.06399999999999999,18.66,atlaso,ATLAS,436.11397139306484,25.707251952028233
706444459,60774.377868,17.265,0.054,18.73,atlaso,ATLAS,450.8167045414596,22.42174658867711
706444460,60774.38423,17.199,0.05,18.76,atlaso,ATLAS,479.07113000307305,22.062040848577777
706444461,60777.533652,16.9,0.227,16.91,atlaso,ATLAS,630.9573444801937,131.91723419494045
706444462,60777.562061,,,15.82,atlaso,ATLAS,,1706.0823890031209
706444463,60777.586835,,,16.98,atlaso,ATLAS,,586.1381645140278
706444464,60779.40385,17.038,0.035,18.88,atlaso,ATLAS,555.6483128371256,17.91198530920481
706444465,60779.407637,17.017,0.034,18.91,atlaso,ATLAS,566.5001119195325,17.740040095241092
706444466,60779.413192,17.01,0.034,18.93,atlaso,ATLAS,570.1642722807461,17.854783853195645
706444467,60779.425664,16.989,0.036,18.93,atlaso,ATLAS,581.2995677253872,19.274280756600376
706444468,60780.400736,17.017,0.038,19.1,atlaso,ATLAS,566.5001119195325,19.82710363585769
706444469,60780.405932,16.981,0.032,19.1,atlaso,ATLAS,585.5985598492865,17.259398584163186
706444470,60780.4087,17.009,0.036,19.04,atlaso,ATLAS,570.6896548928049,18.922485485982087
706444471,60780.420811,17.038,0.033,19,atlaso,ATLAS,555.6483128371256,16.88844329153596
706444472,60781.40468,16.985,0.034,19.17,atlaso,ATLAS,583.4451042737447,18.270675195662708
706444473,60781.40832,16.967,0.033,19.21,atlaso,ATLAS,593.1984396649729,18.02974647355061
706444474,60781.413733,16.925,0.030000000000000006,19.23,atlaso,ATLAS,616.5950018614809,17.037149516410587
706444475,60781.449087,16.897,0.03699999999999999,19.17,atlaso,ATLAS,632.7031548665012,21.56142221975145
706444476,60782.435029,,,15.18,atlaso,ATLAS,,3076.0968147407048
706444477,60782.437848,,,15.29,atlaso,ATLAS,,2779.7132677592886
706444478,60782.443393,,,15.86,atlaso,ATLAS,,1644.3717232149306
706444479,60789.288503,16.636,0.019,19.43,atlaso,ATLAS,804.6370017397996,14.0808632576289
706444480,60789.29122,16.629,0.018,19.47,atlaso,ATLAS,809.8414473257865,13.426047678967768
706444481,60789.294396,16.682,0.021,19.47,atlaso,ATLAS,771.2585649892137,14.917463186540404
706444482,60789.299829,16.637,0.019,19.46,atlaso,ATLAS,803.8962448571247,14.06790027388649
706444483,60790.374432,16.591,0.018,19.57,atlaso,ATLAS,838.6871712481624,13.904269763049816
706444484,60790.385496,16.635,0.018,19.6,atlaso,ATLAS,805.3784411990644,13.352057229050981
706444485,60790.388673,16.599,0.019,19.58,atlaso,ATLAS,832.5302067492414,14.568984490813213
706444486,60790.394193,16.589,0.019,19.56,atlaso,ATLAS,840.2335139076923,14.703789644559718
706444487,60791.42015,16.657,0.018,19.54,atlasc,ATLAS,789.2234847899726,13.084230464051071
706444488,60791.422942,16.632,0.017,19.55,atlasc,ATLAS,807.6068613289741,12.645167935291479
706444489,60791.428596,16.636,0.018,19.49,atlasc,ATLAS,804.6370017397996,13.339765191437905
706444490,60791.448851,16.628,0.018,19.5,atlasc,ATLAS,810.5876824647362,13.438419222296828
706444491,60792.39375,16.653,0.015,19.56,atlasc,ATLAS,792.1364541528511,10.9437695456971
706444492,60792.396948,16.66,0.014,19.6,atlasc,ATLAS,787.0457896950977,10.14854345599169
706444493,60792.403411,16.648,0.016,19.55,atlasc,ATLAS,795.7927898970919,11.727235936826794
706444494,60792.415339,16.671,0.015,19.56,atlasc,ATLAS,779.1121911130926,10.763832702161613
706444495,60793.382125,16.573,0.018,19.55,atlaso,ATLAS,852.707337343628,14.136704666309397
706444496,60793.385302,16.506,0.017,19.56,atlaso,ATLAS,906.9847815057911,14.201185534780338
706444497,60793.390845,16.519,0.018,19.55,atlaso,ATLAS,896.1898068616147,14.857583686363924
706444498,60793.4008,16.504,0.018,19.5,atlaso,ATLAS,908.6570489581445,15.064273264139889
706444499,60797.34671,16.46,0.018,19.46,atlaso,ATLAS,946.237161365791,15.687299391824679
706444500,60797.349898,16.439,0.019,19.46,atlaso,ATLAS,964.7171518961666,16.882209330129573
706444501,60797.356739,16.489,0.02,19.51,atlaso,ATLAS,921.2977276685544,16.970931311511215
706444502,60797.366595,16.459,0.017,19.46,atlaso,ATLAS,947.1090794701603,14.82943488522567
706444503,60798.379812,16.467,0.016,19.35,atlaso,ATLAS,940.1561688035704,13.854653307990368
706444504,60798.38368,16.465,0.017,19.34,atlaso,ATLAS,941.8895965228409,14.747710420557757
706444505,60798.392291,16.446,0.017,19.36,atlaso,ATLAS,958.5173976856435,15.008061524747578
706444506,60798.414328,16.424,0.015,19.31,atlaso,ATLAS,978.1377043229854,13.513471781217145
706444507,60799.343266,16.479,0.018,19.42,atlaso,ATLAS,929.8223905853808,15.415165264996695
706444508,60799.367418,16.488,0.017,19.36,atlaso,ATLAS,922.1466651242639,14.438583919751258
706444509,60799.371096,16.458,0.018,19.35,atlaso,ATLAS,947.9818010107197,15.716223096745905
706444510,60799.379259,16.472,0.016,19.35,atlaso,ATLAS,935.8365435835283,13.790996958300832
706444511,60800.335722,16.408,0.067,17.72,atlaso,ATLAS,992.6588068710286,61.25626074629704
706444512,60800.343517,16.334,0.239,16.27,atlaso,ATLAS,1062.6738654024643,233.92335331377126
706444513,60800.346804,,,15.1,atlaso,ATLAS,,3311.311214825908
706444514,60800.356723,,,14.16,atlaso,ATLAS,,7870.457896950977
706444515,60801.249289,,,15.34,atlaso,ATLAS,,2654.605561975536
706444516,60801.251125,,,15.38,atlaso,ATLAS,,2558.5858869056424
706444517,60801.253874,16.41,0.054,17.75,atlaso,ATLAS,990.8319448927665,49.27985710500346
706444518,60801.259002,16.389,0.045000000000000005,18.3,atlaso,ATLAS,1010.182870544833,41.8685763404604
706444519,60803.338484,16.43,0.02,18.85,atlaso,ATLAS,972.7472237769641,17.91866605376145
706444520,60803.342171,16.431,0.024,18.9,atlaso,ATLAS,971.8517029401671,21.482603940392707
706444521,60803.351929,16.39,0.023,18.88,atlaso,ATLAS,1009.2528860766834,21.379793984980783
706444522,60803.361924,16.411,0.024,18.81,atlaso,ATLAS,989.9197750805821,21.88199536666145
706444523,60804.356726,16.44,0.027,18.75,atlaso,ATLAS,963.8290236239685,23.968422093508806
706444524,60804.364604,16.437,0.026,18.79,atlaso,ATLAS,966.4958643142114,23.144565283947113
706444525,60804.367821,16.365,0.025,18.74,atlaso,ATLAS,1032.761405761398,23.780210175257704
706444526,60804.378166,16.447,0.023,18.74,atlaso,ATLAS,957.6349769692685,20.286331406992034
706444527,60805.349722,16.406,0.026,18.79,atlaso,ATLAS,994.4890371547928,23.814914573825728
706444528,60805.352505,16.415,0.026,18.7,atlaso,ATLAS,986.2794856312099,23.6183213878587
706444529,60805.358408,16.324,0.023,18.7,atlaso,ATLAS,1072.506665615701,22.71974831552786
706444530,60805.369423,16.349,0.025,18.64,atlaso,ATLAS,1048.093433362872,24.133243157262978
706444531,60806.437839,16.396,0.026,18.57,atlaso,ATLAS,1003.6909309200955,24.035271265303262
706444532,60806.441014,16.409,0.05,18.03,atlaso,ATLAS,991.744955231413,45.67154299935798
706444533,60806.49452,16.424,0.03699999999999999,18.2,atlaso,ATLAS,978.1377043229854,33.333230393668956
706444534,60806.50142,16.443,0.03699999999999999,18.19,atlaso,ATLAS,961.1695415159294,32.75498494039061
706444535,60807.356301,16.43,0.026,18.79,atlaso,ATLAS,972.7472237769641,23.294265869889884
706444536,60807.359515,16.448,0.024,18.78,atlaso,ATLAS,956.75336861824,21.14885802482109
706444537,60807.366908,16.413,0.027,18.8,atlaso,ATLAS,988.0979539411265,24.57193988695776
706444538,60807.376882,16.383,0.028,18.64,atlaso,ATLAS,1015.7808007969007,26.195923372242383
706444539,60808.352054,16.412,0.022,18.81,atlaso,ATLAS,989.0084450210658,20.040029700686404
706444540,60808.355285,16.389,0.024,18.86,atlaso,ATLAS,1010.182870544833,22.32990738157888
706444541,60808.365114,16.417,0.025999999999999995,18.75,atlaso,ATLAS,984.4643639803761,23.574854878484818
706444542,60808.372014,16.4,0.025,18.82,atlaso,ATLAS,1000,23.02585092994046
706444543,60809.36179,16.474,0.039,18.33,atlaso,ATLAS,934.1142557364784,33.55368994242787
706444544,60809.365439,16.35,0.038,18.29,atlaso,ATLAS,1047.1285480508975,36.64875929489554
706444545,60809.371355,16.478,0.042,18.41,atlaso,ATLAS,930.6791831626513,36.001862626971295
706444546,60810.248566,16.466,0.023,18.86,atlaso,ATLAS,941.0224835267497,19.934415953216547
706444547,60810.251739,16.414,0.023,18.93,atlaso,ATLAS,987.1883010683936,20.91238260736745
706444548,60810.25456,16.473,0.028,18.76,atlaso,ATLAS,934.9750030886006,24.11202644965939
706444549,60810.260015,16.399,0.022,18.99,atlaso,ATLAS,1000.9214583192937,20.28142009681803
705470362,60810.26857639989,,,20.067699432373047,ztfg,ZTF,,34.113024569742905
705470363,60810.30444440013,,,20.158000946044922,ztfr,ZTF,,31.390600339492313
705470411,60810.40428239992,,,19.545900344848633,ztfr,ZTF,,55.161981979622574
705470458,60811.23663190007,,,20.628599166870117,ztfg,ZTF,,20.349808807370643
705470412,60811.31547449995,,,19.981700897216797,ztfr,ZTF,,36.92492663625603
705470459,60811.344432900194,,,19.872600555419922,ztfg,ZTF,,40.8281571598406
706444550,60811.377255,16.468,0.019,19.2,atlaso,ATLAS,939.290651618398,16.43725455827942
706444551,60811.38049,16.46,0.016,19.24,atlaso,ATLAS,946.237161365791,13.944266126066381
706444552,60811.386119,16.483,0.021,19.23,atlaso,ATLAS,926.4031007363976,17.91822454681636
706444553,60811.411457,16.447,0.018,19.18,atlaso,ATLAS,957.6349769692685,15.876259361993766
706444554,60812.416897,16.469,0.02,19.23,atlaso,ATLAS,938.4259312370158,17.28644448116327
706444555,60812.420137,16.454,0.019,19.22,atlaso,ATLAS,951.480736351757,16.65057673443861
706444556,60812.425694,16.454,0.02,19.1,atlaso,ATLAS,951.480736351757,17.52692287835643
706444557,60812.437288,16.438,0.019,19.13,atlaso,ATLAS,965.6060985415496,16.89776558236493
706444558,60813.343873,16.694,0.018,19.53,atlasc,ATLAS,762.7812340691609,12.645854631239414
706444559,60813.347639,16.65,0.02,19.5,atlasc,ATLAS,794.3282347242822,14.632066817763263
706444560,60813.353085,16.672,0.019,19.48,atlasc,ATLAS,778.3949326267252,13.621636319295856
706444561,60813.363913,16.704,0.02,19.46,atlasc,ATLAS,755.7880136804505,13.922129710113484
706089202,60814.30180560006,17.00459633061741,0.011758087866844735,20.170640366463445,ztfg,ZTF,573.0090322724669,6.205458121806166
705470364,60814.30180560006,,,20.00979995727539,ztfg,ZTF,,35.981562369519736
706444562,60814.347096,16.713,0.02,19.54,atlasc,ATLAS,749.5489497919569,13.807201906082422
706444563,60814.350802,16.738,0.02,19.52,atlasc,ATLAS,732.4871326650396,13.492911619875779
706444564,60814.356729,16.659,0.019,19.53,atlasc,ATLAS,787.7710195856797,13.78571452856937
706444565,60814.367116,16.699,0.021,19.53,atlasc,ATLAS,759.2765726465238,14.685710908138173
705470365,60814.380370399915,,,18.951000213623047,ztfr,ZTF,,95.41132225562745
705470460,60815.19157409994,,,20.60919952392578,ztfg,ZTF,,20.71668155785077
706444566,60815.382547,16.471,0.016,19.55,atlaso,ATLAS,936.6988779521153,13.803704787179456
706444567,60815.385761,16.461,0.017,19.53,atlaso,ATLAS,945.3660459579653,14.80214320094964
706444568,60815.391928,16.479,0.016,19.48,atlaso,ATLAS,929.8223905853808,13.702369124441507
706444569,60815.401757,16.476,0.018,19.41,atlaso,ATLAS,932.3951375406327,15.457817840264598
705470461,60816.19087960012,,,20.667200088500977,ztfg,ZTF,,19.63902688201832
705470462,60816.216030099895,,,20.58690071105957,ztfg,ZTF,,21.146559349104496
706444570,60816.352622,16.478,0.016,19.59,atlaso,ATLAS,930.6791831626513,13.714995286465255
706444571,60816.355842,16.464,0.017,19.56,atlaso,ATLAS,942.7575085274159,14.76129982101536
706444572,60816.363297,16.5,0.015,19.55,atlaso,ATLAS,912.0108393559087,12.599895380099419
706444573,60816.374931,16.498,0.016,19.58,atlaso,ATLAS,913.6923736814522,13.464668411016046
705470366,60817.24914349988,,,20.71190071105957,ztfr,ZTF,,18.846890858190307
706089203,60817.25797449984,16.991525251643502,0.008833089786670117,20.468129428285444,ztfg,ZTF,579.9491274245304,4.718220403622872
705470367,60817.25797449984,,,20.771499633789062,ztfg,ZTF,,17.840217569289706
706444574,60817.487532,16.816,0.026,19.26,atlasc,ATLAS,681.7105263058537,16.324843554333437
706444575,60817.490891,16.714,0.028,19.23,atlasc,ATLAS,748.8589075216439,19.312287200809617
706444576,60817.496158,16.804,0.026999999999999996,19.12,atlasc,ATLAS,689.2868607318447,17.141129823432333
706444577,60817.50622,16.756,0.027,18.99,atlasc,ATLAS,720.4436204152838,17.91593359967765
705470463,60818.22456019977,,,20.775999069213867,ztfg,ZTF,,17.766438312943286
705470464,60818.24577549985,,,20.731199264526367,ztfg,ZTF,,18.514854104272327
706444578,60818.331409,16.791,0.019,19.62,atlasc,ATLAS,697.5896043328037,12.207571622128896
706444579,60818.336,16.818,0.02,19.61,atlasc,ATLAS,680.4559249946362,12.534461354656994
706444580,60818.341973,16.76,0.018,19.63,atlasc,ATLAS,717.7942912713601,11.900033531407152
706444581,60818.35457,16.8,0.019,19.59,atlasc,ATLAS,691.8309709189356,12.106797571872491
706444582,60819.341088,16.501,0.016,19.56,atlaso,ATLAS,911.1712330429174,13.427515509565604
706444583,60819.343879,16.526,0.016,19.56,atlaso,ATLAS,890.4304435937413,13.121867940908956
706444584,60819.349372,16.523,0.016,19.54,atlaso,ATLAS,892.8941960649818,13.158175139072831
706444585,60819.361159,16.55,0.016,19.54,atlaso,ATLAS,870.9635899560797,12.834993784150067
705470413,60820.244930599816,,,20.202999114990234,ztfg,ZTF,,30.1162125792294
705470465,60820.24540509982,,,20.132699966430664,ztfg,ZTF,,32.13068714355418
705470501,60820.24586809985,17.131541066276828,0.013417871850440743,20.15421775596862,ztfg,ZTF,509.7809161936967,6.300034000257998
705470414,60820.24586809985,,,20.192399978637695,ztfg,ZTF,,30.41165174271997
705470502,60820.24634259986,17.056130462226477,0.011631064933941022,20.233967550532718,ztfg,ZTF,546.4467094555825,5.853868677090088
705470466,60820.24634259986,,,20.366600036621094,ztfg,ZTF,,25.90359166213424
706444586,60820.336266,16.532,0.016,19.56,atlaso,ATLAS,885.5233145028539,13.049553814226877
706444587,60820.339058,16.557,0.018,19.58,atlaso,ATLAS,865.3663429563486,14.346573417144443
706444588,60820.345049,16.543,0.016,19.58,atlaso,ATLAS,876.5970403212793,12.918011376681463
706444589,60820.366102,16.532,0.017,19.55,atlaso,ATLAS,885.5233145028539,13.865150927616058
705470368,60821.23518519988,,,20.53820037841797,ztfr,ZTF,,22.116675637299416
705470484,60821.26758099999,17.179182056609953,0.010789260694422735,20.438588628649498,ztfg,ZTF,487.8959098777402,4.848356479543016
705470369,60821.26758099999,,,20.559600830078125,ztfg,ZTF,,21.685012057674083
706444590,60821.345979,16.894,0.021,19.62,atlasc,ATLAS,634.453795775715,12.271424359711862
706444591,60821.349169,16.886,0.019,19.6,atlasc,ATLAS,639.1458891858142,11.18482725482637
706444592,60821.355522,16.84,0.022,19.61,atlasc,ATLAS,666.8067692136219,13.511338074949503
706444593,60821.365811,16.894,0.021,19.58,atlasc,ATLAS,634.453795775715,12.271424359711862
706444594,60822.338389,16.894,0.021,19.62,atlasc,ATLAS,634.453795775715,12.271424359711862
706444595,60822.342035,16.884,0.021,19.62,atlasc,ATLAS,640.3243244689463,12.3849704513109
706444596,60822.347961,16.929,0.022,19.65,atlasc,ATLAS,614.3275612705213,12.447965066212621
706444597,60822.357767,16.857,0.023,19.59,atlasc,ATLAS,656.447501951699,13.90604133740989
705470370,60823.2245139,,,20.70599937438965,ztfr,ZTF,,18.94960886635665
705470485,60823.283402800094,17.21653031934399,0.0112658369618528,20.429007453746962,ztfg,ZTF,471.3981483257937,4.89133056435266
705470371,60823.283402800094,,,20.509899139404297,ztfg,ZTF,,22.700757231380507
706444598,60823.314667,16.562,0.028,18.67,atlaso,ATLAS,861.3903457724265,22.214355177555255
706444599,60823.31777,16.564,0.05,18.3,atlaso,ATLAS,859.8050666611739,39.59548658749542
706444600,60823.324208,16.549,0.021,19.19,atlaso,ATLAS,871.7661466018493,16.861452163435157
706444601,60823.33706,16.538,0.019,19.28,atlaso,ATLAS,880.6432284180629,15.410945372012025
706444602,60824.28327,16.623,0.017,19.59,atlaso,ATLAS,814.3291852092434,12.750423250038983
706444603,60824.28698,16.601,0.017,19.58,atlaso,ATLAS,830.998041044432,13.011417170989912
706444604,60824.301247,16.578,0.017,19.59,atlaso,ATLAS,848.7895030072438,13.28998838565727
706444605,60824.30679,16.597,0.018,19.54,atlaso,ATLAS,834.0651974086609,13.827643848995896
705470486,60825.19584489986,17.303802164666067,0.01287150776543959,20.371614396159167,ztfg,ZTF,434.98986085242177,5.156846890904521
705470372,60825.19584489986,,,20.3341007232666,ztfg,ZTF,,26.690684438418643
706444606,60825.303538,16.974,0.024,19.43,atlasc,ATLAS,589.3862502405804,13.028275140668342
706444607,60825.306749,16.969,0.022,19.5,atlasc,ATLAS,592.1067335646603,11.99771001587298
706444608,60825.312233,16.95,0.022,19.53,atlasc,ATLAS,602.5595860743575,12.20951354071221
706444609,60825.322139,16.957,0.022,19.62,atlasc,ATLAS,598.6872372480585,12.13104910910789
706444610,60826.287483,16.955,0.025,19.47,atlasc,ATLAS,599.79107625551,13.810699910967925
706444611,60826.290658,16.991,0.025,19.48,atlasc,ATLAS,580.2297599818735,13.360283958457753
706444612,60826.297003,16.972,0.026,19.43,atlasc,ATLAS,590.4729404069853,14.139987580133857
706444613,60826.307498,16.961,0.021,19.52,atlasc,ATLAS,596.4856499193785,11.5370553117895
706444614,60827.271605,16.61,0.02,19.5,atlaso,ATLAS,824.1381150130021,15.181185105577212
706444615,60827.275314,16.619,0.02,19.52,atlaso,ATLAS,817.3348179780709,15.055863742890466
706444616,60827.280857,16.616,0.018,19.51,atlaso,ATLAS,819.5963204818455,13.587769942662732
706444617,60827.295353,16.615,0.017,19.49,atlaso,ATLAS,820.3515443298185,12.844718811521695
706444618,60828.281312,,,16.08,atlaso,ATLAS,,1342.7649611378642
706444619,60828.285035,,,15.71,atlaso,ATLAS,,1887.9913490962906
706444620,60828.292311,,,15.79,atlaso,ATLAS,,1753.8805018417602
706444621,60828.302559,,,15.36,atlaso,ATLAS,,2606.153549998895
705470373,60828.30495369993,,,19.5310001373291,ztfg,ZTF,,55.92422123052685
705470503,60829.20314810006,17.384049258562,0.01667246368949249,20.17093559701959,ztfg,ZTF,403.9990060021694,6.203770979215653
705470467,60829.20314810006,,,19.947500228881836,ztfg,ZTF,,38.10657430620718
705470504,60829.21476850007,17.465115519091416,0.018937319422181124,20.11370504661295,ztfg,ZTF,374.93310835961876,6.5395516920604795
705470468,60829.21476850007,,,19.8085994720459,ztfg,ZTF,,43.30721052857362
706444622,60829.321755,16.695,0.027,19.15,atlaso,ATLAS,762.0790100254114,18.951319096216263
706444623,60829.32493,16.603,0.025,19.13,atlaso,ATLAS,829.4686950952613,19.099222524315724
706444624,60829.331812,16.589,0.025,19.07,atlaso,ATLAS,840.2335139076923,19.34709163757858
706444625,60829.34191,16.608,0.022,19.14,atlaso,ATLAS,825.6576326213254,16.730093219757443
706444626,60830.321759,16.986,0.291,16.64,atlaso,ATLAS,582.9079788672325,156.23152392542025
706444627,60830.324941,16.319,0.16,16.8,atlaso,ATLAS,1077.4571314563666,158.7799506708196
706444628,60830.33044,16.72,0.226,16.82,atlaso,ATLAS,744.7319739059889,155.01871022183326
706444629,60830.340535,,,15.68,atlaso,ATLAS,,1940.8858775927772
705470415,60831.20468749991,,,19.856800079345703,ztfg,ZTF,,41.4266646061283
705470505,60831.20516199991,17.324832438299904,0.018414842732874696,20.003798191819115,ztfg,ZTF,426.6453579114957,7.236202619218592
705470469,60831.20516199991,,,19.88719940185547,ztfg,ZTF,,40.28285464516589
705470487,60831.213391200174,17.396296501467997,0.01846329508274285,20.072409263819907,ztfg,ZTF,399.46745197670504,6.79307313275084
705470374,60831.213391200174,,,19.82859992980957,ztfg,ZTF,,42.51674692861929
705470375,60831.26984950015,,,19.888399124145508,ztfr,ZTF,,40.23836727590103
706444630,60831.324152,16.722,0.034,18.85,atlaso,ATLAS,743.3613896551769,23.278478821571944
706444631,60831.327439,16.659,0.041,18.59,atlaso,ATLAS,787.7710195856797,29.74812082480759
706444632,60831.332636,16.618,0.028,18.99,atlaso,ATLAS,818.0879579457477,21.097631931306772
706444633,60831.343814,16.685,0.039,18.86,atlaso,ATLAS,769.1304402866099,27.627417267401565
705470488,60833.22672449984,17.410915385305056,0.019244267697542457,20.042047700572766,ztfg,ZTF,394.1248748748737,6.985715835129707
705470376,60833.22672449984,,,19.782400131225586,ztfg,ZTF,,44.36494500581804
705470377,60833.235046300106,,,20.0221004486084,ztfr,ZTF,,35.57622151311116
706444634,60833.317754,16.765,0.031000000000000003,19,atlaso,ATLAS,714.496326075512,20.40033850881404
706444635,60833.320919,16.71,0.031999999999999994,19.01,atlaso,ATLAS,751.6228940182045,22.152648592887825
706444636,60833.326406,16.681,0.029,18.92,atlaso,ATLAS,771.9692476102496,20.619288628847407
706444637,60833.337764,16.648,0.034,18.9,atlaso,ATLAS,795.7927898970919,24.92037636575694
706444638,60834.310433,16.691,0.024,18.97,atlaso,ATLAS,764.8917910070717,16.907792982973447
706444639,60834.313642,16.703,0.03,18.92,atlaso,ATLAS,756.484440833282,20.90243755853582
706444640,60834.320564,16.751,0.033,18.91,atlaso,ATLAS,723.7690370745273,21.998325301107695
706444641,60834.330735,16.658,0.031000000000000003,18.97,atlaso,ATLAS,788.4969177453754,22.51320748353595
705470489,60835.2033218001,17.524426895374283,0.02235505927525907,19.992873120082386,ztfg,ZTF,355.0007265176723,7.309383484941929
705470378,60835.2033218001,,,19.65920066833496,ztfg,ZTF,,49.69580531243175
705470379,60835.247256900184,,,19.849599838256836,ztfr,ZTF,,41.70230542451732
706444642,60835.310287,16.746,0.028,18.96,atlaso,ATLAS,727.1098031596613,18.75140056972304
706444643,60835.313509,16.733,0.026000000000000002,18.98,atlaso,ATLAS,735.868139651044,17.62174969120545
706444644,60835.318713,16.69,0.029,18.95,atlaso,ATLAS,765.5966069112545,20.449075478119855
706444645,60835.33037,16.839,0.029,18.92,atlaso,ATLAS,667.4212038584772,17.82681173113097
706444646,60836.309648,16.777,0.06,18.26,atlaso,ATLAS,706.6429004252064,39.05052980613976
706444647,60836.312481,16.827,0.09699999999999999,17.59,atlaso,ATLAS,674.8387308707553,60.29029575286725
706444648,60836.317604,,,16.67,atlaso,ATLAS,,779.830110523257
706444649,60836.331479,16.662,0.10399999999999998,17.31,atlaso,ATLAS,785.5973322609896,75.25043578457787
705470380,60837.2035416998,,,19.639400482177734,ztfg,ZTF,,50.61040435304847
706444650,60837.311744,16.379,0.198,16.7,atlaso,ATLAS,1019.5299775626004,185.9263186331389
706444651,60837.31537,16.749,0.081,18,atlaso,ATLAS,725.1034976171987,54.09544514551507
706444652,60837.322877,16.752,0.057,18.41,atlaso,ATLAS,723.1027280500616,37.96212682069991
706444653,60837.333982,16.412,0.215,16.43,atlaso,ATLAS,989.0084450210658,195.84574480216256
706444654,60838.34615,16.741,0.028,18.96,atlaso,ATLAS,730.4659895204111,18.83795310217905
706444655,60838.348891,16.738,0.031,19.02,atlaso,ATLAS,732.4871326650396,20.914013010807455
706444656,60838.354379,16.75,0.03,18.98,atlaso,ATLAS,724.4359600749891,20.01690530997
706444657,60838.364832,16.709,0.031,18.94,atlaso,ATLAS,752.3154831868716,21.480153168502323
706444658,60839.312234,16.742,0.036,18.68,atlaso,ATLAS,729.7935152144471,24.197928034989737
706444659,60839.315471,16.812,0.04,18.76,atlaso,ATLAS,684.2266727659498,25.207842191036665
706444660,60839.321072,16.765,0.036,18.74,atlaso,ATLAS,714.496326075512,23.690715687655015
706444661,60839.346911,16.812,0.067,18.16,atlaso,ATLAS,684.2266727659498,42.22313566998641
705560053,60840.199282399844,17.68799974189795,0.048301998525857925,19.319972780156323,ztfg,ZTF,305.35153198242216,13.58441321478184
705470470,60840.199282399844,17.687994424865654,0.04830222576856613,19.319962355156186,ztfg,ZTF,305.35302734374994,13.584543649954695
705560055,60840.199282399844,17.617482591037763,0.013580933286226787,20.627044340553084,ztfg,ZTF,325.84192558996597,4.07579431716456
705560054,60840.26407410018,17.69047215961654,0.06491123884916304,19.001558204103,ztfg,ZTF,304.6569824218756,18.214057951081294
706444662,60840.293645,16.804,0.021,19.64,atlaso,ATLAS,689.2868607318447,13.331989862669595
706444663,60840.297347,16.818,0.019,19.63,atlaso,ATLAS,680.4559249946362,11.907738286924143
706444664,60840.304862,16.819,0.018,19.56,atlaso,ATLAS,679.8294904549554,11.270629803595092
706444665,60840.316818,16.836,0.021,19.46,atlaso,ATLAS,669.2679069358428,12.944788968130306
706444666,60841.297209,16.813,0.027000000000000003,19.27,atlaso,ATLAS,683.5967668381046,16.99962902935574
705821682,60841.2994109001,17.186954663665027,0.3016394052864808,19.459314156816042,sdssr,SEDM,484.41561553299863,134.58042344034138
705822923,60841.2994109001,16.897491557337133,0.030923948713584316,19.013639985590732,sdssr,SEDM,632.4167690171613,18.012500315446413
706444667,60841.29995,16.861,0.028,19.2,atlaso,ATLAS,654.0335094488942,16.86683946276677
706444668,60841.306483,17.345,0.057,19.1,atlaso,ATLAS,418.79356511791826,21.986218297877578
706444669,60841.321351,16.732,0.03300000000000001,18.94,atlaso,ATLAS,736.5462114702309,22.386676314190247
706089201,60842.19821760012,16.860641988473045,0.045463245362043374,18.55837669180433,ztfr,ZTF,654.2492065429695,27.39550553314319
706128277,60842.19821760012,16.86059965060449,0.045462999492883675,18.558340225706875,ztfr,ZTF,654.2747192382811,27.39642566820637
706128278,60842.227511600126,17.72955134019754,0.0547882728278637,19.224718104938383,ztfg,ZTF,293.8863830566406,14.830054726680354